Accession_Number/isolate_ID	DataBase	Species	ST	group_3152	nanK
97735775396	PubMLST	Citrobacter freundii	1223	4	158
08A15CRGN028B	PubMLST	Citrobacter portucalensis	1226	67	251
11A1213CRGN027	PubMLST	Citrobacter freundii	1227	8	4
11A1213CRGN032	PubMLST	Citrobacter cronae	1228	204	252
18A21CPO001	PubMLST	Citrobacter freundii	1229	22	34
24A17CRGN008A	PubMLST	Citrobacter freundii	1230	173	219
29A23CPO005B	PubMLST	Citrobacter freundii	1231	4	253
31B14CRGN002	PubMLST	Citrobacter freundii	1232	2	1
32B22CPO018	PubMLST	Citrobacter portucalensis	1233	52	94
32B23CPO002B	PubMLST	Citrobacter freundii	ND	2	1
38M23CPO030A	PubMLST	Citrobacter europaeus	1234	205	254
41A20CPO031	PubMLST	Citrobacter freundii	1235	22	227
41A20CPO037	PubMLST	Citrobacter freundii	1236	4	255
41A21CPO007A	PubMLST	Citrobacter freundii	1237	3	8
41A22CPO056	PubMLST	Citrobacter freundii	1235	22	227
31B23CPO013	PubMLST	Citrobacter farmeri	1162	174	228
38M23CPO033	PubMLST	Citrobacter farmeri	1190	175	229
38M23CPO054	PubMLST	Citrobacter farmeri	1200	176	230
41A21CPO046	PubMLST	Citrobacter farmeri	1242	177	256
41A21CPO005B	PubMLST	Citrobacter youngae	1243	32	231
09A22CPO039	PubMLST	Citrobacter koseri	1244	206	257
11A1213CRGN088A	PubMLST	Citrobacter sp.	1245	5	2
09A23CPO002B	PubMLST	Citrobacter werkmanii	1246	207	220
AMA004912	PubMLST	Citrobacter freundii	1229	22	34
Citro3100551932	PubMLST	Citrobacter braakii	1239	1	120
Citro4020663907	PubMLST	Citrobacter europaeus	1240	208	258
Citro4010603860	PubMLST	Citrobacter portucalensis	1241	161	221
2SOAct20merA	PubMLST	Citrobacter portucalensis	1248	161	259
2SHAct16mer	PubMLST	Citrobacter gillenii	1249	64	42
2SOBct4mer	PubMLST	Citrobacter braakii	1250	19	20
2SHAct4cef	PubMLST	Citrobacter gillenii	1251	144	260
2RDAct1cef	PubMLST	Citrobacter freundii	1252	12	161
2RDAct3mer	PubMLST	Citrobacter portucalensis	1253	161	261
2SHAct11cef	PubMLST	Citrobacter portucalensis	1247	209	262
2SIAct9cef	PubMLST	Citrobacter sp.	1254	210	263
2SHCct1merA	PubMLST	Citrobacter braakii	1255	211	264
2SIAct3cef	PubMLST	Citrobacter pasteurii	1256	212	265
Citro4030697610	PubMLST	Citrobacter amalonaticus	1258	164	266
SH90-1	PubMLST	Citrobacter freundii	1260	23	222
Citro4040751649	PubMLST	Citrobacter meridianamericanus	1261	213	267
24CPE-68	PubMLST	Citrobacter portucalensis	1264	178	232
ACC14887A4	PubMLST	Citrobacter portucalensis	1265	214	268
7507_U211	PubMLST	Citrobacter telavivensis	1266	179	269
CFR_MO_AJ_118	PubMLST	Citrobacter freundii	ND	11	270
CFR_MO_AK_049	PubMLST	Citrobacter freundii	ND	215	"271, 272"
CFR_MO_AK_163	PubMLST	Citrobacter freundii	ND	180	22
BNP-58	PubMLST	Citrobacter braakii	1271	1	58
BNP-37	PubMLST	Citrobacter sp.	1272	216	273
BP327h	PubMLST	Citrobacter braakii	1273	217	274
BP61e	PubMLST	Citrobacter braakii	1274	1	33
BP131h	PubMLST	Citrobacter portucalensis	1138	181	221
BP14h	PubMLST	Citrobacter portucalensis	1276	218	44
BP48h	PubMLST	Citrobacter portucalensis	1277	219	275
MO_AI_840	PubMLST	Citrobacter freundii	1278	182	233
6180/22	PubMLST	Citrobacter telavivensis	1282	179	276
20240323	PubMLST	Citrobacter europaeus	1283	163	234
ID_380A_24	PubMLST	Citrobacter freundii	1303	220	14
7020	PubMLST	Citrobacter portucalensis	1305	70	277
Citro4111017695	PubMLST	Citrobacter amalonaticus	1308	221	53
20240631	PubMLST	Citrobacter portucalensis	730	222	278
20240517	PubMLST	Citrobacter koseri	1309	53	279
MO_AJ517	PubMLST	Citrobacter koseri	1310	53	223
Citro4121074531	PubMLST	Citrobacter farmeri	1312	223	280
Citro5011102502	PubMLST	Citrobacter freundii	1321	3	8
Citro5011117267	PubMLST	Citrobacter koseri	1322	16	18
LACPHL-BACT202400417	PubMLST	Citrobacter portucalensis	1323	161	25
PQ_Citsp_002	PubMLST	Citrobacter amalonaticus	1325	110	281
PQ_Citsp_003	PubMLST	Citrobacter freundii	1326	5	165
PQ_Citsp_004	PubMLST	Citrobacter sedlakii	1327	168	282
S28B	PubMLST	Citrobacter cronae	1328	14	283
AGKsample16	PubMLST	Citrobacter portucalensis	1329	224	284
AGKsample17	PubMLST	Citrobacter freundii	1330	120	175
AGKsample18	PubMLST	Citrobacter portucalensis	1331	225	285
Citro5031197828	PubMLST	Citrobacter koseri	1332	162	286
JH112	PubMLST	Citrobacter portucalensis	252	161	25
K12708	PubMLST	Citrobacter portucalensis	328	48	47
Citro5051290765	PubMLST	Citrobacter braakii	1334	1	287
40SC2	PubMLST	Citrobacter freundii	1337	40	64
HOM1432	PubMLST	Citrobacter sedlakii	1338	168	288
Citro5081395443	PubMLST	Citrobacter portucalensis	1342	183	289
Citro5081400967	PubMLST	Citrobacter koseri	1343	162	18
SP010R	PubMLST	Citrobacter freundii	1345	182	233
SZ-202505-CF3	PubMLST	Citrobacter freundii	ND	23	222
LAT-SW20101_S61	PubMLST	Citrobacter cronae	1352	14	290
C_freundii_CHF142	PubMLST	Citrobacter freundii	1361	226	291
844C1	PubMLST	Citrobacter braakii	1365	227	292
25086623501	PubMLST	Citrobacter telavivensis	1366	165	215
25086626601	PubMLST	Citrobacter telavivensis	1366	165	215
25160923201	PubMLST	Citrobacter telavivensis	1366	165	215
25160918101	PubMLST	Citrobacter telavivensis	1366	165	215
250903364	PubMLST	Citrobacter freundii	62	120	175
250903381	PubMLST	Citrobacter freundii	125	3	174
250901026	PubMLST	Citrobacter freundii	18	13	10
250901106	PubMLST	Citrobacter freundii	22	2	1
250901002	PubMLST	Citrobacter freundii	686	112	191
250901127	PubMLST	Citrobacter freundii	91	228	175
250901049	PubMLST	Citrobacter portucalensis	170	49	88
25077323901	PubMLST	Citrobacter freundii	632	3	62
530322	PubMLST	Citrobacter portucalensis	1367	229	293
214	PubMLST	Citrobacter freundii	1368	230	1
MO_AI206	PubMLST	Citrobacter freundii	396	3	8
MO_AJ813	PubMLST	Citrobacter freundii	396	3	8
MO_AK877	PubMLST	Citrobacter koseri	1145	184	235
03A15CRGN001E	PubMLST	Citrobacter cronae	1369	14	294
08B24CPO002A	PubMLST	Citrobacter amalonaticus	1370	29	295
08B24CPO002C	PubMLST	Citrobacter freundii	1371	231	296
09A22CPO035A	PubMLST	Citrobacter farmeri	1372	185	297
09A23CPO015	PubMLST	Citrobacter amalonaticus	1373	20	298
10A24CPO009	PubMLST	Citrobacter freundii	1374	232	299
15A23CPO008	PubMLST	Citrobacter freundii	1375	169	300
21C20CPO004	PubMLST	Citrobacter werkmanii	1376	233	301
24A23CPO052A	PubMLST	Citrobacter portucalensis	1377	178	101
24A23CPO052D	PubMLST	Citrobacter farmeri	1378	177	302
28B24CPO002	PubMLST	Citrobacter europaeus	1379	163	303
29A24CPO008	PubMLST	Citrobacter portucalensis	1380	161	304
31B23CPO022	PubMLST	Citrobacter portucalensis	1381	161	236
31B24CPO004	PubMLST	Citrobacter freundii	1382	22	34
32B21CPO008	PubMLST	Citrobacter cronae	1383	234	305
38B24CPO006	PubMLST	Citrobacter portucalensis	1384	235	306
38M23CPO004B	PubMLST	Citrobacter telavivensis	1385	236	307
38M24CPO045A	PubMLST	Citrobacter freundii	1386	9	13
38M24CPO046A	PubMLST	Citrobacter telavivensis	1387	237	308
41A23CPO041	PubMLST	Citrobacter sp.	1388	238	309
41A23CPO064	PubMLST	Citrobacter portucalensis	1389	239	310
41A23CPO093	PubMLST	Citrobacter portucalensis	1390	186	311
41A23CPO097	PubMLST	Citrobacter braakii	1391	187	237
41A24CPO078	PubMLST	Citrobacter amalonaticus	1392	240	312
41A24CPO125B	PubMLST	Citrobacter braakii	1391	187	237
01A24CPO504	PubMLST	Citrobacter freundii	1394	31	59
31A24CPO023B	PubMLST	Citrobacter portucalensis	1395	161	313
31E24CPO004	PubMLST	Citrobacter sedlakii	1396	241	314
41A24CPO161A	PubMLST	Citrobacter youngae	1397	242	315
24A24CPO037B	PubMLST	Citrobacter murliniae	1398	243	316
24A24CPO065B	PubMLST	Citrobacter freundii	1399	17	317
24A24CPO067C	PubMLST	Citrobacter portucalensis	1400	244	318
LOL	PubMLST	Citrobacter portucalensis	264	188	238
H12.3.2	PubMLST	Citrobacter portucalensis	572	161	46
S39.1.2	PubMLST	Citrobacter freundii	169	22	15
S40.1.2	PubMLST	Citrobacter portucalensis	572	161	46
GEO-16-EFF-A	PubMLST	Citrobacter portucalensis	413	48	319
CPE4142013	PubMLST	Citrobacter freundii	430	166	320
1173C2015	PubMLST	Citrobacter werkmanii	431	189	239
H2730R	PubMLST	Citrobacter freundii	498	166	2
Cifr10955	PubMLST	Citrobacter braakii	568	77	131
Cifr3464	PubMLST	Citrobacter freundii	508	170	224
CP16	PubMLST	Citrobacter amalonaticus	563	20	321
E45	PubMLST	Citrobacter freundii	564	4	158
E235	PubMLST	Citrobacter amalonaticus	565	110	117
E272	PubMLST	Citrobacter amalonaticus	573	190	240
AI3057	PubMLST	Citrobacter freundii	514	4	2
AI3058	PubMLST	Citrobacter freundii	515	23	177
7-EC	PubMLST	Citrobacter freundii	571	21	14
8-EC	PubMLST	Citrobacter freundii	571	21	14
10-EC	PubMLST	Citrobacter freundii	571	21	14
11-EC	PubMLST	Citrobacter freundii	571	21	14
30-EC	PubMLST	Citrobacter portucalensis	576	171	225
IR5464	PubMLST	Citrobacter portucalensis	551	245	322
CDX006	PubMLST	Citrobacter portucalensis	552	246	216
IR5405	PubMLST	Citrobacter freundii	553	8	323
IR5432	PubMLST	Citrobacter sp.	554	247	324
SHX009	PubMLST	Citrobacter portucalensis	555	86	94
B1	PubMLST	Citrobacter braakii	559	172	241
C1	PubMLST	Citrobacter braakii	560	35	242
M1	PubMLST	Citrobacter braakii	561	191	20
M4	PubMLST	Citrobacter werkmanii	562	192	220
Z9	PubMLST	Citrobacter freundii	139	9	13
C806	PubMLST	Citrobacter werkmanii	569	14	217
C807	PubMLST	Citrobacter werkmanii	569	14	217
C808	PubMLST	Citrobacter werkmanii	569	14	217
C809W	PubMLST	Citrobacter werkmanii	569	14	217
C809R	PubMLST	Citrobacter amalonaticus	573	190	240
C237	PubMLST	Citrobacter freundii	116	4	5
C238B	PubMLST	Citrobacter freundii	116	4	5
C487	PubMLST	Citrobacter freundii	11	21	14
CANALIS-474	PubMLST	Citrobacter portucalensis	578	193	325
AMA003499	PubMLST	Citrobacter freundii	581	12	35
AMA003517	PubMLST	Citrobacter braakii	582	248	243
CPO20180010	PubMLST	Citrobacter braakii	583	75	128
CPO20180051	PubMLST	Citrobacter freundii	584	3	8
CFR-46338	PubMLST	Citrobacter freundii	580	12	161
20200698	PubMLST	Citrobacter freundii	602	194	226
CPE-19	PubMLST	Citrobacter freundii	604	23	8
AMA003231	PubMLST	Citrobacter freundii	691	5	59
AMA003439	PubMLST	Citrobacter portucalensis	692	249	232
CPO20190243	PubMLST	Citrobacter braakii	693	15	137
CPO20190112	PubMLST	Citrobacter braakii	694	89	326
AMA003602	PubMLST	Citrobacter portucalensis	695	161	327
CPO20180116	PubMLST	Citrobacter sedlakii	696	157	328
CPO20180167	PubMLST	Citrobacter freundii	697	166	219
AMA003668	PubMLST	Citrobacter freundii	698	250	329
CPO20170104	PubMLST	Citrobacter gillenii	699	153	203
AMA003688	PubMLST	Citrobacter sp.	700	251	330
C3	PubMLST	Citrobacter amalonaticus	605	110	244
C-24	PubMLST	Citrobacter freundii	661	2	1
41A20CPO030	PubMLST	Citrobacter freundii	638	252	34
01A18CPO002	PubMLST	Citrobacter youngae	639	253	331
21E19CPO009	PubMLST	Citrobacter freundii	636	17	37
03A19CPO009	PubMLST	Citrobacter braakii	640	1	138
11A19CPO018B	PubMLST	Citrobacter portucalensis	641	67	75
20210428	PubMLST	Citrobacter freundii	636	17	37
MB8306	PubMLST	Citrobacter portucalensis	643	186	245
Citro20191101	PubMLST	Citrobacter amalonaticus	645	195	246
51227699	PubMLST	Citrobacter braakii	646	15	120
Citro20210601	PubMLST	Citrobacter europaeus	656	254	332
20210603	PubMLST	Citrobacter koseri	690	10	7
20210734	PubMLST	Citrobacter werkmanii	672	255	333
50714CZ	PubMLST	Citrobacter freundii	673	3	8
56322CZ	PubMLST	Citrobacter portucalensis	674	82	90
206234090	PubMLST	Citrobacter portucalensis	170	49	88
H1312B	PubMLST	Citrobacter freundii	675	173	8
H6651	PubMLST	Citrobacter freundii	676	41	247
H7663B	PubMLST	Citrobacter portucalensis	677	183	51
H8552	PubMLST	Citrobacter freundii	678	4	248
760184215	PubMLST	Citrobacter freundii	163	4	158
SY-CA35	PubMLST	Citrobacter amalonaticus	681	256	334
SY-CS04	PubMLST	Citrobacter sedlakii	682	157	335
50900448	PubMLST	Citrobacter portucalensis	683	193	336
51018237	PubMLST	Citrobacter freundii	ND	196	61
51108900	PubMLST	Citrobacter freundii	684	196	61
51162436	PubMLST	Citrobacter sedlakii	685	157	337
Citro20211202	PubMLST	Citrobacter sedlakii	689	157	338
Citro20220204	PubMLST	Citrobacter portucalensis	755	161	236
P1278O	PubMLST	Citrobacter freundii	1036	2	1
20220198	PubMLST	Citrobacter braakii	984	46	57
AMA003859	PubMLST	Citrobacter freundii	1037	41	247
AMA004030	PubMLST	Citrobacter freundii	928	170	224
AMA004357	PubMLST	Citrobacter freundii	1038	129	175
Cf18_F3A	PubMLST	Citrobacter freundii	928	170	224
Citro20220505	PubMLST	Citrobacter braakii	905	172	339
Citro20210901	PubMLST	Citrobacter freundii	906	2	340
Citro20220605	PubMLST	Citrobacter amalonaticus	951	20	341
Citro20220606	PubMLST	Citrobacter freundii	952	3	2
W1-2	PubMLST	Citrobacter sp.	1039	257	N.D.
Citro20220804	PubMLST	Citrobacter freundii	957	123	342
205_21	PubMLST	Citrobacter portucalensis	1040	67	343
KresCfreu0001	PubMLST	Citrobacter amalonaticus	1060	20	344
R26	PubMLST	Citrobacter freundii	1061	2	1
Citro20220806	PubMLST	Citrobacter murliniae	970	258	345
TM46	PubMLST	Citrobacter freundii	972	259	346
3818	PubMLST	Citrobacter freundii	977	56	175
A10424-2	PubMLST	Citrobacter freundii	978	180	22
N29	PubMLST	Citrobacter freundii	979	4	36
N37	PubMLST	Citrobacter freundii	980	31	2
N40	PubMLST	Citrobacter freundii	981	17	2
N41	PubMLST	Citrobacter freundii	976	17	219
N15	PubMLST	Citrobacter freundii	975	56	175
N25	PubMLST	Citrobacter freundii	974	260	347
EK291	PubMLST	Citrobacter portucalensis	983	197	216
TK288	PubMLST	Citrobacter portucalensis	983	197	216
N4237-2	PubMLST	Citrobacter amalonaticus	990	110	244
5586	PubMLST	Citrobacter amalonaticus	987	164	348
N17	PubMLST	Citrobacter koseri	988	261	349
N30	PubMLST	Citrobacter koseri	989	262	18
AMA004923	PubMLST	Citrobacter freundii	992	128	62
DLZY63	PubMLST	Citrobacter europaeus	996	263	226
CPE0000977	PubMLST	Citrobacter sedlakii	1062	168	350
2309009188C	PubMLST	Citrobacter farmeri	1007	54	69
2311711781	PubMLST	Citrobacter amalonaticus	1065	20	351
2309613424	PubMLST	Citrobacter meridianamericanus	1066	264	211
EK292	PubMLST	Citrobacter amalonaticus	1067	164	352
EK289	PubMLST	Citrobacter freundii	1068	198	2
EK297	PubMLST	Citrobacter freundii	1068	198	2
TK266	PubMLST	Citrobacter freundii	1070	32	353
W0590	PubMLST	Citrobacter europaeus	1071	163	354
Citro3040203647	PubMLST	Citrobacter freundii	1072	41	355
PQ_Citsp_001	PubMLST	Citrobacter freundii	1076	199	356
DB_3_C11	PubMLST	Citrobacter freundii	1105	4	5
DB_3_D1	PubMLST	Citrobacter freundii	1105	4	5
DB_3_D2	PubMLST	Citrobacter freundii	1105	4	5
DB_3_F10	PubMLST	Citrobacter freundii	ND	199	8
DB_5_F12	PubMLST	Citrobacter freundii	1105	4	5
ERQ0043	PubMLST	Citrobacter freundii	95	8	4
ERQ0044	PubMLST	Citrobacter portucalensis	1107	167	76
ERQ0045	PubMLST	Citrobacter freundii	95	8	4
ERQ0046	PubMLST	Citrobacter freundii	1108	127	172
ERQ0152	PubMLST	Citrobacter freundii	150	5	2
ERQ0154	PubMLST	Citrobacter freundii	150	5	2
ERQ0155	PubMLST	Citrobacter braakii	110	1	3
ERQ0156	PubMLST	Citrobacter freundii	150	5	2
ERQ0159	PubMLST	Citrobacter braakii	110	1	3
ERQ0160	PubMLST	Citrobacter portucalensis	166	167	76
ERQ0161	PubMLST	Citrobacter freundii	22	2	1
ERQ0162	PubMLST	Citrobacter braakii	110	1	3
ERQ0165	PubMLST	Citrobacter braakii	110	1	3
ERQ0166	PubMLST	Citrobacter braakii	110	1	3
ERQ0169	PubMLST	Citrobacter braakii	268	265	357
ERQ0172	PubMLST	Citrobacter portucalensis	264	188	238
ERQ0173	PubMLST	Citrobacter freundii	270	9	13
ERQ0175	PubMLST	Citrobacter freundii	617	5	163
ERQ0183	PubMLST	Citrobacter portucalensis	1096	161	358
ERQ0186	PubMLST	Citrobacter freundii	270	9	13
ERQ0189	PubMLST	Citrobacter freundii	150	5	2
ERQ0192	PubMLST	Citrobacter portucalensis	166	167	76
ERQ0199	PubMLST	Citrobacter braakii	110	1	3
ERQ0200	PubMLST	Citrobacter freundii	678	4	248
ERQ0211	PubMLST	Citrobacter braakii	110	1	3
ERQ0212	PubMLST	Citrobacter freundii	150	5	2
ERQ0213	PubMLST	Citrobacter braakii	110	1	3
ERQ0216	PubMLST	Citrobacter braakii	110	1	3
ERQ0217	PubMLST	Citrobacter braakii	110	1	3
ERQ0222	PubMLST	Citrobacter portucalensis	166	167	76
ERQ0224	PubMLST	Citrobacter braakii	110	1	3
ERQ0225	PubMLST	Citrobacter freundii	116	4	5
ERQ0227	PubMLST	Citrobacter freundii	511	169	176
ERQ0230	PubMLST	Citrobacter freundii	114	31	59
ERQ0233	PubMLST	Citrobacter freundii	511	169	176
ERQ0241	PubMLST	Citrobacter freundii	481	11	4
ERQ0243	PubMLST	Citrobacter freundii	150	5	2
ERQ0246	PubMLST	Citrobacter braakii	110	1	3
ERQ0250	PubMLST	Citrobacter freundii	1109	3	8
ERQ0251	PubMLST	Citrobacter braakii	110	1	3
ERQ0255	PubMLST	Citrobacter freundii	150	5	2
ERQ0259	PubMLST	Citrobacter freundii	617	200	163
ERQ0278	PubMLST	Citrobacter freundii	150	5	2
ERQ0310	PubMLST	Citrobacter freundii	150	5	164
ERQ0572	PubMLST	Citrobacter braakii	583	75	128
ERQ0671	PubMLST	Citrobacter braakii	110	1	3
ERQ0672	PubMLST	Citrobacter braakii	1110	1	6
ERQ0674	PubMLST	Citrobacter braakii	1110	1	6
ERQ0677	PubMLST	Citrobacter braakii	1110	1	6
ERQ0678	PubMLST	Citrobacter freundii	116	4	5
ERQ0681	PubMLST	Citrobacter freundii	116	4	5
ERQ0682	PubMLST	Citrobacter freundii	116	4	5
ERQ0683	PubMLST	Citrobacter freundii	116	4	5
ERQ0685	PubMLST	Citrobacter freundii	116	4	5
ERQ0689	PubMLST	Citrobacter freundii	116	4	5
SD_2_G2	PubMLST	Citrobacter amalonaticus	1111	20	359
SD_5_A12	PubMLST	Citrobacter braakii	367	1	120
SD_5_D4	PubMLST	Citrobacter freundii	341	57	63
SD_9_A7	PubMLST	Citrobacter youngae	1097	201	249
SD_9_B7	PubMLST	Citrobacter braakii	295	88	143
SD_9_C7	PubMLST	Citrobacter freundii	95	8	4
SD_9_H6	PubMLST	Citrobacter youngae	1097	201	249
SG18_100_2_S18	PubMLST	Citrobacter youngae	183	32	218
SG18_109_2_S19	PubMLST	Citrobacter youngae	183	32	218
SG18_138_1_S32	PubMLST	Citrobacter youngae	183	32	218
SG18_138_2_S33	PubMLST	Citrobacter youngae	183	32	218
SG18_223_S110	PubMLST	Citrobacter youngae	187	32	360
SG18_227_S53	PubMLST	Citrobacter youngae	1112	32	361
SG18_229_S54	PubMLST	Citrobacter pasteurii	347	266	362
SG18_265_S115	PubMLST	Citrobacter gillenii	1113	267	16
SG18_42_S4	PubMLST	Citrobacter youngae	1114	268	363
SG18_8_S1	PubMLST	Citrobacter gillenii	1115	25	364
345	PubMLST	Citrobacter freundii	1077	8	365
607	PubMLST	Citrobacter portucalensis	1078	48	44
GD22SC4216PT	PubMLST	Citrobacter meridianamericanus	1130	269	366
ACC12559A4	PubMLST	Citrobacter freundii	1129	100	101
Citro3060343638	PubMLST	Citrobacter freundii	1131	23	2
GOL223	PubMLST	Citrobacter portucalensis	1133	95	98
Citro3090441194	PubMLST	Citrobacter sedlakii	1132	270	367
Citro3100476289	PubMLST	Citrobacter freundii	1135	9	13
HSZ1_2x1	PubMLST	Citrobacter freundii	1138	181	221
Citro3100530477	PubMLST	Citrobacter youngae	1202	32	368
Citro3100506879	PubMLST	Citrobacter portucalensis	1203	271	245
Citro3100506125	PubMLST	Citrobacter freundii	1204	17	369
Citro3100505236	PubMLST	Citrobacter freundii	1205	9	13
CB00013	PubMLST	Citrobacter amalonaticus	1140	272	370
CB00021	PubMLST	Citrobacter sp.	ND	24	178
CB00034	PubMLST	Citrobacter amalonaticus	1141	273	29
CB00035	PubMLST	Citrobacter koseri	1142	274	7
CB00036	PubMLST	Citrobacter freundii	ND	11	N.D.
CB00039	PubMLST	Citrobacter freundii	1143	275	371
CB00044	PubMLST	Citrobacter werkmanii	1144	276	372
CB00046	PubMLST	Citrobacter koseri	1145	184	235
CB00053	PubMLST	Citrobacter freundii	1146	194	373
CB00055	PubMLST	Citrobacter koseri	1147	28	374
CB00058	PubMLST	Citrobacter amalonaticus	1148	164	113
CB00060	PubMLST	Citrobacter koseri	1149	277	250
CB00061	PubMLST	Citrobacter koseri	1150	162	375
CB00062	PubMLST	Citrobacter amalonaticus	1151	278	376
CB00065	PubMLST	Citrobacter sp.	1152	132	377
CB00067	PubMLST	Citrobacter freundii	1153	22	15
CB00074	PubMLST	Citrobacter koseri	1154	16	18
CB00080	PubMLST	Citrobacter farmeri	1155	279	378
CB00087	PubMLST	Citrobacter koseri	1156	162	379
CB00092	PubMLST	Citrobacter koseri	1157	202	380
CB00095	PubMLST	Citrobacter freundii	ND	129	175
CB00111	PubMLST	Citrobacter amalonaticus	1158	20	31
CB00113	PubMLST	Citrobacter braakii	1159	280	381
CB00115	PubMLST	Citrobacter freundii	1160	200	382
CB00117	PubMLST	Citrobacter sedlakii	1161	281	383
CB00120	PubMLST	Citrobacter farmeri	1162	174	228
CB00124	PubMLST	Citrobacter braakii	1163	15	384
CB00127	PubMLST	Citrobacter braakii	1164	15	243
CB00130	PubMLST	Citrobacter braakii	1165	1	58
CB00134	PubMLST	Citrobacter freundii	1166	166	13
CB00136	PubMLST	Citrobacter koseri	1167	28	111
CB00137	PubMLST	Citrobacter youngae	1168	59	385
CB00140	PubMLST	Citrobacter koseri	1169	53	223
CB00141	PubMLST	Citrobacter braakii	1170	163	226
CB00149	PubMLST	Citrobacter braakii	1171	77	386
CB00152	PubMLST	Citrobacter koseri	1172	162	250
CB00153	PubMLST	Citrobacter sp.	1173	282	39
CB00154	PubMLST	Citrobacter sp.	1174	32	231
CB00155	PubMLST	Citrobacter koseri	1175	38	26
CB00163	PubMLST	Citrobacter braakii	1176	1	387
CB00168	PubMLST	Citrobacter koseri	1177	10	7
CB00172	PubMLST	Citrobacter koseri	1178	283	28
CB00173	PubMLST	Citrobacter koseri	1179	162	27
CB00177	PubMLST	Citrobacter freundii	1180	5	60
CB00179	PubMLST	Citrobacter freundii	1181	17	34
CB00192	PubMLST	Citrobacter sp.	1182	284	388
CB00193	PubMLST	Citrobacter freundii	1183	285	216
CB00199	PubMLST	Citrobacter sp.	1184	14	389
CB00201	PubMLST	Citrobacter freundii	1185	161	390
CB00320	PubMLST	Citrobacter koseri	1186	286	26
CB00328	PubMLST	Citrobacter farmeri	1187	203	391
CB00330	PubMLST	Citrobacter koseri	1188	53	223
CB00337	PubMLST	Citrobacter amalonaticus	1189	109	119
CB00341	PubMLST	Citrobacter farmeri	1190	175	229
CB00343	PubMLST	Citrobacter koseri	1191	28	111
CB00344	PubMLST	Citrobacter koseri	1192	16	18
CB00345	PubMLST	Citrobacter farmeri	1193	203	392
CB00359	PubMLST	Citrobacter koseri	1194	202	393
CB00361	PubMLST	Citrobacter farmeri	1195	185	394
CB00364	PubMLST	Citrobacter koseri	1196	53	395
CB00377	PubMLST	Citrobacter amalonaticus	1197	110	117
CB00384	PubMLST	Citrobacter farmeri	1198	287	396
CB00391	PubMLST	Citrobacter braakii	1199	73	397
CB00395	PubMLST	Citrobacter farmeri	1200	176	230
CB00407	PubMLST	Citrobacter amalonaticus	1201	195	246
20230810	PubMLST	Citrobacter freundii	1139	288	63
ACC13592A4	PubMLST	Citrobacter europaeus	1207	289	398
Citro3100514692	PubMLST	Citrobacter europaeus	1206	163	234
Citro3120558794	PubMLST	Citrobacter freundii	1208	120	175
AP022378.1	GenBank	C. portucalensis	641	66	75
AP022389.1	GenBank	C. portucalensis	ND	7	11
AP022394.1	GenBank	C. portucalensis	143	7	11
AP022399.1	GenBank	C. portucalensis	143	7	11
AP022486.1	GenBank	C. portucalensis	ND	7	11
AP022494.1	GenBank	C. portucalensis	143	7	11
AP022513.1	GenBank	C. portucalensis	143	7	11
AP023452.1	GenBank	C. koseri	1307	34	23
AP024585.1	GenBank	C. amalonaticus	710	26	24
AP025640.1	GenBank	C. koseri	690	10	7
AP025653.1	GenBank	C. koseri	690	10	7
CP042478.1	GenBank	C. freundii	8	3	2
CP042517.1	GenBank	C. freundii	8	3	2
CP070549.1	GenBank	C. freundii	8	3	2
CP137201.1	GenBank	C. freundii	8	3	2
CP000822.1	GenBank	C. koseri	862	27	16
LR890181.1	GenBank	C. freundii	8	3	2
OW849082.1	GenBank	C. freundii	8	3	2
CP012554.1	GenBank	C. portucalensis	252	6	25
CP014015.2	GenBank	C. amalonaticus	ND	68	76
CP024673.1	GenBank	C. freundii	11	19	15
CP014070.2	GenBank	C. amalonaticus	710	26	24
CP027849.1	GenBank	C. freundii	11	19	15
CP056592.1	GenBank	C. freundii	11	19	15
CP019986.1	GenBank	C. cronae	ND	70	44
CP056595.1	GenBank	C. freundii	11	19	15
CP022073.2	GenBank	C. koseri	854	35	26
CP137207.1	GenBank	C. freundii	11	19	15
CP114564.1	GenBank	C. freundii	18	14	10
CP022311.1	GenBank	C. portucalensis	155	37	45
CP022695.1	GenBank	C. farmeri	1007	44	46
CP115614.1	GenBank	C. freundii	18	14	10
CP023527.1	GenBank	C. koseri	854	35	26
CP135469.1	GenBank	C. freundii	18	14	10
CP136047.1	GenBank	C. freundii	18	14	10
CP024675.1	GenBank	C. cronae	ND	20	81
OW849208.1	GenBank	C. freundii	18	14	10
OW849256.1	GenBank	C. freundii	18	14	10
CP048416.1	GenBank	C. freundii	19	5	20
CP055247.1	GenBank	C. freundii	19	5	20
CP056451.1	GenBank	C. freundii	19	5	20
CP099303.1	GenBank	C. freundii	19	5	20
CP025757.1	GenBank	C. amalonaticus	ND	72	82
CP011612.1	GenBank	C. freundii	22	1	1
CP026216.1	GenBank	C. amalonaticus	ND	73	83
CP011657.1	GenBank	C. freundii	22	1	1
CP036435.1	GenBank	C. freundii	22	1	1
CP026238.1	GenBank	C. portucalensis	166	74	84
CP026697.1	GenBank	C. koseri	1307	34	23
CP026709.1	GenBank	C. koseri	854	35	26
CP037734.1	GenBank	C. freundii	22	1	1
CP029727.1	GenBank	C. cronae	734	13	85
CP047269.1	GenBank	C. freundii	22	1	1
CP047273.1	GenBank	C. freundii	22	1	1
CP047275.1	GenBank	C. freundii	22	1	1
CP033780.1	GenBank	C. koseri	1154	15	18
CP047279.1	GenBank	C. freundii	22	1	1
CP056365.1	GenBank	C. freundii	22	1	1
CP056653.1	GenBank	C. freundii	22	1	1
CP037864.1	GenBank	C. arsenatis	ND	76	87
CP038469.1	GenBank	C. tructae	ND	77	88
CP071265.1	GenBank	C. freundii	22	1	1
CP071834.1	GenBank	C. freundii	22	1	1
CP071907.1	GenBank	C. freundii	22	1	1
CP086287.1	GenBank	C. freundii	22	1	1
CP039327.1	GenBank	C. portucalensis	ND	6	89
CP040234.1	GenBank	C. koseri	1154	15	18
CP098330.1	GenBank	C. freundii	22	1	1
CP099291.1	GenBank	C. freundii	22	1	1
CP041362.1	GenBank	C. amalonaticus	ND	26	92
CP110775.1	GenBank	C. freundii	22	1	1
CP117475.1	GenBank	C. freundii	22	1	1
CP124809.1	GenBank	C. freundii	22	1	1
CP124813.1	GenBank	C. freundii	22	1	1
CP043009.1	GenBank	C. portucalensis	17	22	51
CP044097.1	GenBank	C. koseri	1154	15	18
CP044098.1	GenBank	C. portucalensis	3	79	93
CP137175.1	GenBank	C. freundii	22	1	1
CP137183.1	GenBank	C. freundii	22	1	1
CP141645.1	GenBank	C. freundii	22	1	1
CP145665.1	GenBank	C. freundii	22	1	1
CP045837.1	GenBank	C. portucalensis	572	6	54
CP045840.1	GenBank	C. portucalensis	572	6	54
CP046348.1	GenBank	C. portucalensis	ND	80	95
CP162975.1	GenBank	C. freundii	22	1	1
CP162982.1	GenBank	C. freundii	22	1	1
CP163076.1	GenBank	C. freundii	22	1	1
LS992175.1	GenBank	C. freundii	22	1	1
OW849527.1	GenBank	C. freundii	22	1	1
OW967263.1	GenBank	C. freundii	22	1	1
OW969875.1	GenBank	C. freundii	22	1	1
CP113784.1	GenBank	C. freundii	64	9	13
CP070544.1	GenBank	C. freundii	65	12	38
CP048388.1	GenBank	C. portucalensis	ND	6	98
CP070559.1	GenBank	C. freundii	65	12	38
CP138570.1	GenBank	C. braakii	79	2	73
CP056717.1	GenBank	C. braakii	88	53	34
CP099375.1	GenBank	C. braakii	88	53	34
CP050009.1	GenBank	C. amalonaticus	712	30	30
CP050078.1	GenBank	C. koseri	ND	15	31
CP151202.1	GenBank	C. freundii	91	157	207
CP052059.1	GenBank	C. koseri	862	27	16
AP028314.1	GenBank	C. freundii	95	8	4
CP054129.1	GenBank	C. portucalensis	557	82	101
AP028317.1	GenBank	C. freundii	95	8	4
CP042524.1	GenBank	C. freundii	95	8	4
CP055089.1	GenBank	C. portucalensis	208	6	103
CP042534.1	GenBank	C. freundii	95	8	4
CP055564.1	GenBank	C. freundii	95	8	4
CP059427.1	GenBank	C. freundii	95	8	4
CP085726.1	GenBank	C. freundii	95	8	4
CP024683.1	GenBank	C. freundii	98	11	12
CP024881.1	GenBank	C. freundii	98	11	12
CP055551.1	GenBank	C. europaeus	1341	84	106
CP026056.1	GenBank	C. freundii	98	11	12
CP056852.1	GenBank	C. freundii	98	11	12
CP092463.1	GenBank	C. freundii	98	11	12
CP135465.1	GenBank	C. freundii	98	11	12
CP069770.1	GenBank	C. werkmanii	104	13	37
CP097324.1	GenBank	C. werkmanii	104	13	37
CP101080.1	GenBank	C. werkmanii	104	13	37
CP110894.1	GenBank	C. freundii	107	9	43
CP110900.1	GenBank	C. freundii	107	9	43
CP110914.1	GenBank	C. freundii	107	9	43
CP101066.1	GenBank	C. werkmanii	108	43	182
CP099374.1	GenBank	C. braakii	109	2	169
CP056232.1	GenBank	C. portucalensis	ND	89	110
AP026382.1	GenBank	C. braakii	110	2	3
CP026235.1	GenBank	C. braakii	110	2	3
CP056251.1	GenBank	C. braakii	110	2	3
CP056350.1	GenBank	C. braakii	110	2	3
CP056546.1	GenBank	C. braakii	110	2	3
CP056888.1	GenBank	C. braakii	110	2	3
CP099382.1	GenBank	C. braakii	110	2	3
CP046502.1	GenBank	C. freundii	111	39	28
CP056839.1	GenBank	C. freundii	111	39	28
CP073043.1	GenBank	C. freundii	111	39	28
CP115129.1	GenBank	C. freundii	112	36	72
OW995941.1	GenBank	C. freundii	112	36	72
CP092493.1	GenBank	C. freundii	116	4	5
CP103365.1	GenBank	C. freundii	116	4	5
CP126536.1	GenBank	C. freundii	116	4	5
CP135622.1	GenBank	C. freundii	116	4	5
CP137133.1	GenBank	C. freundii	116	4	5
CP137179.1	GenBank	C. freundii	116	4	5
CP142904.1	GenBank	C. freundii	116	4	5
CP150622.1	GenBank	C. freundii	116	4	5
CP151860.1	GenBank	C. freundii	116	4	5
CP155122.1	GenBank	C. freundii	116	4	5
CP165768.1	GenBank	C. freundii	116	4	5
LS992183.1	GenBank	C. freundii	116	4	5
CP119048.1	GenBank	C. freundii	118	28	1
CP054278.1	GenBank	C. freundii	125	3	102
CP137117.1	GenBank	C. freundii	125	3	200
CP024676.1	GenBank	C. youngae	128	71	27
CP016952.1	GenBank	C. freundii	150	5	2
CP055421.1	GenBank	C. freundii	150	5	2
CP055582.1	GenBank	C. freundii	150	5	2
CP055588.1	GenBank	C. freundii	150	5	2
CP056466.1	GenBank	C. freundii	150	5	2
CP056635.1	GenBank	C. freundii	150	5	118
CP056809.1	GenBank	C. freundii	150	5	2
CP133060.1	GenBank	C. freundii	150	5	2
CP139850.1	GenBank	C. freundii	154	4	2
CP041051.1	GenBank	C. freundii	162	46	91
CP133852.1	GenBank	C. freundii	162	46	193
CP026231.1	GenBank	C. freundii	167	9	13
CP056235.1	GenBank	C. freundii	167	9	13
CP038653.1	GenBank	C. freundii	169	21	19
CP038656.1	GenBank	C. freundii	169	21	19
CP038658.1	GenBank	C. freundii	169	21	19
CP045555.1	GenBank	C. freundii	169	21	19
CP052058.1	GenBank	C. freundii	169	21	99
CP046673.1	GenBank	C. braakii	171	16	96
CP056573.1	GenBank	C. freundii	185	24	2
CP056622.1	GenBank	C. freundii	185	24	2
CP162039.1	GenBank	C. freundii	185	24	2
CP024680.1	GenBank	C. freundii	212	12	49
CP033744.1	GenBank	C. freundii	212	12	49
CP137203.1	GenBank	C. freundii	214	3	55
CP056314.1	GenBank	C. freundii	216	28	47
CP080033.1	GenBank	C. youngae	218	59	148
CP078593.1	GenBank	C. braakii	225	2	17
CP099378.1	GenBank	C. braakii	225	2	17
CP114801.1	GenBank	C. braakii	225	2	17
CP057150.1	GenBank	C. amalonaticus	565	102	126
CP022273.1	GenBank	C. freundii	257	8	4
CP097107.1	GenBank	C. freundii	257	8	4
CP144725.1	GenBank	C. freundii	261	154	9
CP040698.1	GenBank	C. freundii	263	12	90
CP056336.1	GenBank	C. freundii	270	9	13
CP099384.1	GenBank	C. braakii	295	131	172
CP057630.1	GenBank	C. amalonaticus	716	25	35
CP057632.1	GenBank	C. amalonaticus	716	25	35
CP024679.1	GenBank	C. freundii	307	45	48
CP033742.1	GenBank	C. freundii	307	45	48
CP109711.1	GenBank	C. freundii	311	140	185
CP056245.1	GenBank	C. freundii	341	50	59
CP060441.1	GenBank	C. cronae	259	32	36
CP060484.1	GenBank	C. koseri	1307	34	23
CP064180.1	GenBank	C. amalonaticus	716	25	35
CP066089.1	GenBank	C. koseri	862	27	16
CP069159.1	GenBank	C. enshiensis	ND	107	131
CP069763.1	GenBank	C. cronae	ND	13	132
CP069764.1	GenBank	C. cronae	ND	13	64
CP069768.1	GenBank	C. cronae	ND	20	22
CP109719.1	GenBank	C. freundii	341	50	59
CP069779.1	GenBank	C. cronae	31	20	22
CP069781.1	GenBank	C. cronae	31	20	22
CP069782.1	GenBank	C. cronae	ND	32	133
CP069783.1	GenBank	C. cronae	ND	108	134
CP069784.1	GenBank	C. cronae	31	20	22
CP069785.1	GenBank	C. cronae	108	56	64
CP069786.1	GenBank	C. cronae	ND	109	135
CP078598.1	GenBank	C. braakii	356	41	39
CP069801.1	GenBank	C. portucalensis	134	6	137
CP070239.1	GenBank	C. amalonaticus	ND	110	138
CP099388.1	GenBank	C. braakii	356	41	39
CP118774.1	GenBank	C. braakii	356	41	39
CP092860.1	GenBank	C. braakii	370	38	157
CP136727.1	GenBank	C. braakii	371	147	196
CP099364.1	GenBank	C. braakii	379	2	166
CP137166.1	GenBank	C. braakii	384	151	201
CP101044.1	GenBank	C. braakii	388	16	178
CP047307.1	GenBank	C. freundii	396	3	8
CP073007.1	GenBank	C. portucalensis	328	57	65
CP056827.1	GenBank	C. freundii	396	3	8
CP073048.2	GenBank	C. portucalensis	ND	113	141
CP075491.1	GenBank	C. koseri	1021	58	31
CP077262.1	GenBank	C. pasteurii	ND	114	142
CP077291.1	GenBank	C. farmeri	1007	44	46
CP137123.1	GenBank	C. freundii	396	3	8
CP137128.1	GenBank	C. freundii	396	3	8
CP078550.1	GenBank	C. portucalensis	ND	22	66
CP078551.1	GenBank	C. portucalensis	ND	6	144
CP140972.1	GenBank	C. freundii	396	3	8
CP035276.1	GenBank	C. freundii	412	75	86
CP016762.1	GenBank	C. freundii	415	4	78
CP132279.1	GenBank	C. youngae	420	29	192
CP056527.1	GenBank	C. freundii	481	11	4
AP026940.1	GenBank	C. freundii	499	67	4
CP045726.1	GenBank	C. freundii	505	3	94
CP154587.1	GenBank	C. freundii	511	158	208
OW969904.1	GenBank	C. freundii	514	4	2
CP056505.1	GenBank	C. freundii	519	11	4
CP056208.1	GenBank	C. freundii	523	3	32
CP096921.1	GenBank	C. freundii	523	3	32
CP080032.1	GenBank	C. portucalensis	ND	117	147
CP119165.1	GenBank	C. freundii	523	3	32
CP047606.1	GenBank	C. freundii	540	81	97
CP080958.1	GenBank	C. amalonaticus	ND	25	67
CP081314.1	GenBank	C. farmeri	686	118	150
CP057147.1	GenBank	C. braakii	568	101	125
CP056421.1	GenBank	C. braakii	583	94	116
CP083650.1	GenBank	C. europaeus	ND	119	151
CP083651.1	GenBank	C. amalonaticus	710	26	24
CP167050.1	GenBank	C. freundii	584	3	8
CP167107.1	GenBank	C. freundii	584	3	8
CP056180.1	GenBank	C. braakii	603	2	6
CP078595.1	GenBank	C. braakii	603	2	6
CP089316.1	GenBank	C. portucalensis	170	60	153
CP089437.1	GenBank	C. portucalensis	ND	37	154
CP091809.1	GenBank	C. portucalensis	674	121	155
CP092442.2	GenBank	C. portucalensis	ND	122	156
CP078596.1	GenBank	C. braakii	603	2	6
CP092466.1	GenBank	C. portucalensis	328	57	65
CP078599.1	GenBank	C. braakii	603	2	6
CP078600.1	GenBank	C. braakii	603	2	6
CP095364.1	GenBank	C. portucalensis	ND	123	158
CP095369.1	GenBank	C. portucalensis	303	124	159
CP096905.1	GenBank	C. amalonaticus	715	30	160
CP078601.1	GenBank	C. braakii	603	2	6
CP078602.1	GenBank	C. braakii	603	2	6
CP078603.1	GenBank	C. braakii	603	2	6
CP078604.1	GenBank	C. braakii	603	2	6
OW848788.1	GenBank	C. freundii	604	24	214
CP056181.1	GenBank	C. freundii	617	86	108
CP022151.1	GenBank	C. freundii	622	36	79
CP058318.1	GenBank	C. freundii	624	106	129
CP099037.1	GenBank	C. freundii	635	61	41
LR881934.1	GenBank	C. freundii	635	61	41
CP024672.1	GenBank	C. freundii	655	5	80
CP135450.1	GenBank	C. freundii	657	12	41
CP099254.1	GenBank	C. gillenii	699	127	164
CP056185.1	GenBank	C. braakii	769	87	57
CP056341.1	GenBank	C. braakii	769	92	57
CP099367.1	GenBank	C. portucalensis	ND	62	68
CP099370.1	GenBank	C. portucalensis	ND	62	68
CP099373.1	GenBank	C. portucalensis	555	129	168
CP099128.1	GenBank	C. freundii	911	1	161
CP057611.1	GenBank	C. sedlakii	942	55	63
CP057620.1	GenBank	C. sedlakii	942	55	63
CP056409.1	GenBank	C. braakii	959	31	115
CP056834.1	GenBank	C. braakii	959	31	34
CP102500.1	GenBank	C. youngae	969	59	184
CP083258.1	GenBank	C. braakii	984	51	61
CP032184.1	GenBank	C. freundii	1095	3	2
CP137195.1	GenBank	C. freundii	1098	28	1
CP023504.1	GenBank	C. gillenii	1115	18	14
LR699014.1	GenBank	C. gillenii	1115	18	14
CP077405.1	GenBank	C. braakii	1117	40	143
CP080539.1	GenBank	C. braakii	1127	16	149
CP056267.1	GenBank	C. braakii	1219	2	60
CP055910.1	GenBank	C. braakii	1250	23	21
CP101036.1	GenBank	C. meridianamericanus	1066	133	176
CP101040.1	GenBank	C. meridianamericanus	ND	134	177
CP056284.1	GenBank	C. braakii	1250	23	112
CP101051.1	GenBank	C. meridianamericanus	ND	135	179
CP101060.1	GenBank	C. portucalensis	ND	136	180
CP101062.1	GenBank	C. portucalensis	ND	137	181
CP056321.1	GenBank	C. braakii	1250	23	21
CP101069.1	GenBank	C. portucalensis	631	64	69
CP101074.1	GenBank	C. portucalensis	631	64	69
CP056508.1	GenBank	C. braakii	1250	23	21
CP056861.1	GenBank	C. braakii	1250	23	21
CP056395.1	GenBank	C. gillenii	1251	93	113
CP101092.1	GenBank	C. cronae	ND	43	70
CP101095.1	GenBank	C. portucalensis	170	60	66
CP101100.1	GenBank	C. portucalensis	17	22	51
CP101103.1	GenBank	C. cronae	ND	139	44
CP014030.2	GenBank	C. youngae	ND	69	77
CP022049.2	GenBank	C. braakii	ND	2	17
CP104921.1	GenBank	C. portucalensis	1120	7	71
CP038856.1	GenBank	C. gillenii	ND	78	50
CP044101.1	GenBank	C. werkmanii	ND	13	52
CP109744.1	GenBank	C. portucalensis	252	6	25
CP045771.1	GenBank	C. braakii	ND	38	53
CP049738.1	GenBank	C. youngae	ND	29	29
CP049739.1	GenBank	C. youngae	ND	29	29
CP053573.1	GenBank	C. braakii	ND	40	100
CP055418.1	GenBank	C. braakii	ND	47	104
CP055466.1	GenBank	C. gillenii	ND	48	56
CP055538.1	GenBank	C. gillenii	ND	83	105
CP055543.1	GenBank	C. gillenii	ND	18	14
CP115024.1	GenBank	C. portucalensis	ND	142	187
CP115030.1	GenBank	C. pasteurii	ND	65	27
CP115031.1	GenBank	C. pasteurii	ND	65	27
CP115032.1	GenBank	C. cronae	259	32	36
CP055906.1	GenBank	C. gillenii	ND	85	107
CP056200.1	GenBank	C. braakii	ND	88	109
CP056219.1	GenBank	C. braakii	ND	2	3
CP056229.1	GenBank	C. gillenii	ND	49	58
CP056244.1	GenBank	C. gillenii	ND	90	111
CP118927.1	GenBank	C. koseri	ND	15	189
CP056269.1	GenBank	C. braakii	ND	51	61
CP056333.1	GenBank	C. gillenii	ND	91	33
CP056361.1	GenBank	C. braakii	ND	2	3
CP119862.1	GenBank	C. enshiensis	ND	144	191
CP056381.1	GenBank	C. braakii	ND	2	3
CP056399.1	GenBank	C. braakii	ND	31	114
CP056473.1	GenBank	C. gillenii	ND	95	117
CP056515.1	GenBank	C. gillenii	ND	48	56
CP056559.1	GenBank	C. gillenii	ND	49	58
CP126605.1	GenBank	C. cronae	259	32	36
CP126611.1	GenBank	C. portucalensis	1120	7	71
CP056586.1	GenBank	C. gillenii	ND	18	14
CP056597.1	GenBank	C. gillenii	ND	52	33
CP056644.1	GenBank	C. gillenii	ND	96	119
CP056647.1	GenBank	C. braakii	ND	47	120
CP056822.1	GenBank	C. braakii	ND	2	3
CP134686.1	GenBank	C. portucalensis	1133	145	194
CP056850.1	GenBank	C. gillenii	ND	97	121
CP056896.1	GenBank	C. braakii	ND	2	3
CP056899.1	GenBank	C. braakii	ND	2	3
CP056910.1	GenBank	C. gillenii	ND	52	33
CP056967.1	GenBank	C. gillenii	ND	98	122
CP136601.1	GenBank	C. portucalensis	ND	146	195
CP057125.1	GenBank	C. braakii	ND	99	123
CP136754.1	GenBank	C. koseri	ND	148	197
CP136808.1	GenBank	C. koseri	690	10	7
CP136810.1	GenBank	C. koseri	ND	149	198
CP136813.1	GenBank	C. koseri	690	10	7
CP136816.1	GenBank	C. koseri	690	10	7
CP136819.1	GenBank	C. koseri	690	10	7
CP136821.1	GenBank	C. koseri	690	10	7
CP136824.1	GenBank	C. koseri	1118	150	199
CP136828.1	GenBank	C. koseri	ND	33	74
CP136832.1	GenBank	C. koseri	ND	33	74
CP137005.1	GenBank	C. koseri	690	10	7
CP057136.1	GenBank	C. gillenii	ND	100	124
CP057258.1	GenBank	C. gillenii	ND	103	127
CP057353.1	GenBank	C. gillenii	ND	104	50
CP057506.1	GenBank	C. gillenii	ND	54	62
CP057509.1	GenBank	C. gillenii	ND	54	62
CP137170.1	GenBank	C. portucalensis	947	152	202
CP069788.1	GenBank	C. braakii	ND	2	136
CP071070.1	GenBank	C. sedlakii	ND	112	140
CP077300.1	GenBank	C. braakii	ND	40	60
CP078594.1	GenBank	C. braakii	ND	115	145
CP078597.1	GenBank	C. braakii	ND	116	146
CP082833.1	GenBank	C. rodentium	ND	42	40
CP084290.1	GenBank	C. werkmanii	ND	56	52
CP137208.1	GenBank	C. koseri	ND	58	31
CP137478.1	GenBank	C. portucalensis	252	6	25
CP137485.1	GenBank	C. portucalensis	232	153	203
CP084372.1	GenBank	C. werkmanii	ND	120	152
CP099084.1	GenBank	C. gillenii	ND	18	14
CP099222.1	GenBank	C. gillenii	ND	126	163
CP099366.1	GenBank	C. braakii	ND	16	167
CP099376.1	GenBank	C. braakii	ND	63	42
CP139989.1	GenBank	C. koseri	ND	15	18
CP099377.1	GenBank	C. braakii	ND	63	42
CP099379.1	GenBank	C. braakii	ND	31	170
CP099381.1	GenBank	C. braakii	ND	130	171
CP099385.1	GenBank	C. braakii	ND	38	53
CP145154.1	GenBank	C. portucalensis	ND	22	204
CP099386.1	GenBank	C. braakii	ND	2	42
CP148084.1	GenBank	C. europaeus	ND	155	205
CP099387.1	GenBank	C. braakii	ND	16	173
CP099389.1	GenBank	C. braakii	ND	16	174
CP099390.1	GenBank	C. braakii	ND	132	175
CP101082.1	GenBank	C. braakii	ND	138	183
CP101089.1	GenBank	C. werkmanii	ND	43	70
CP113163.1	GenBank	C. braakii	ND	141	186
CP115035.1	GenBank	C. gillenii	ND	143	188
CP159117.1	GenBank	C. portucalensis	168	7	209
CP126329.1	GenBank	C. braakii	ND	2	73
CP151088.1	GenBank	C. gillenii	ND	156	206
CP024677.1	GenBank	C. freundii	ND	28	47
CP048382.1	GenBank	C. freundii	ND	3	55
CP049015.1	GenBank	C. freundii	ND	17	9
CP166747.1	GenBank	C. koseri	849	159	210
CP054294.1	GenBank	C. freundii	ND	1	1
CP056238.1	GenBank	C. freundii	ND	9	13
CP167064.1	GenBank	C. braakii	ND	160	211
CP056256.1	GenBank	C. freundii	ND	9	13
JASWFH010000001.1	GenBank	C. amalonaticus	563	25	67
FN543502.1	GenBank	C. rodentium	ND	42	40
LR134204.1	GenBank	C. koseri	ND	161	212
LR134214.1	GenBank	C. portucalensis	597	22	213
CP057864.1	GenBank	C. freundii	ND	105	128
LR698971.1	GenBank	C. portucalensis	155	37	45
LR134485.1	GenBank	C. youngae	ND	29	29
CP059849.1	GenBank	C. freundii	ND	24	130
CP070240.1	GenBank	C. freundii	ND	111	139
CP099217.1	GenBank	C. freundii	ND	125	162
CP099298.1	GenBank	C. freundii	ND	128	165
LT556084.1	GenBank	C. amalonaticus	712	30	30
LT556085.1	GenBank	C. amalonaticus	712	30	30
NC_009792.1	GenBank	C. koseri	862	27	16
NC_013716.1	GenBank	C. rodentium	ND	42	40
CP119053.1	GenBank	C. freundii	ND	3	190
CP125310.1	GenBank	C. freundii	ND	14	10
CP126623.1	GenBank	C. freundii	ND	3	2
CP132324.1	GenBank	C. freundii	ND	12	38
CP137703.1	GenBank	C. freundii	ND	17	9
CP137717.1	GenBank	C. freundii	ND	17	9
CP139745.1	GenBank	C. freundii	ND	17	9
OW969691.1	GenBank	C. koseri	985	33	215
OW969711.1	GenBank	C. koseri	ND	33	216
CP149135.1	GenBank	C. freundii	ND	17	9
LR134118.1	GenBank	C. freundii	ND	17	9
OW849099.1	GenBank	C. freundii	ND	1	2
